,num_generations,mutation_rate,num_individuals,crossover_rate,mutation_type,crossover_type,local_search_rate,local_search_type,search_radius,threshold,dimensions,gg,selection_method,length_of_local_search,redo_local_search_rate,fitness_function,algorithm,pm_index,Run,fitness
0,1000000,0.06,200,0.5,Normal,Probabilistic_crossover,0.5,Uniform,0.05,0.0001,100,0.05,sorted_selection_part,4,0,5,Baseline,0,Run1,646.967372705216
1,1000000,0.06,200,0.5,Normal,Probabilistic_crossover,0.5,Uniform,0.05,0.0001,100,0.05,sorted_selection_part,4,0,5,Baseline,0,Run2,541.0821649507237
2,1000000,0.06,200,0.5,Normal,Probabilistic_crossover,0.5,Uniform,0.05,0.0001,100,0.05,sorted_selection_part,4,0,5,Baseline,0,Run3,545.9495237931699
3,1000000,0.06,200,0.5,Normal,Probabilistic_crossover,0.5,Uniform,0.05,0.0001,100,0.05,sorted_selection_part,4,0,5,Baseline,0,Run4,571.896462505814
4,1000000,0.06,200,0.5,Normal,Probabilistic_crossover,0.5,Uniform,0.05,0.0001,100,0.05,sorted_selection_part,4,0,5,Baseline,0,Run5,486.0232194298815
5,1000000,0.06,200,0.5,Normal,Probabilistic_crossover,0.5,Uniform,0.05,0.0001,100,0.05,sorted_selection_part,4,0,5,Baseline,0,Run6,654.3141069958261
6,1000000,0.06,200,0.5,Normal,Probabilistic_crossover,0.5,Uniform,0.05,0.0001,100,0.05,sorted_selection_part,4,0,5,Baseline,0,Run7,1764.3704782032426
7,1000000,0.06,200,0.5,Normal,Probabilistic_crossover,0.5,Uniform,0.05,0.0001,100,0.05,sorted_selection_part,4,0,5,Baseline,0,Run8,635.5715401066617
8,1000000,0.06,200,0.5,Normal,Probabilistic_crossover,0.5,Uniform,0.05,0.0001,100,0.05,sorted_selection_part,4,0,5,Baseline,0,Run9,457.2943548878863
9,1000000,0.06,200,0.5,Normal,Probabilistic_crossover,0.5,Uniform,0.05,0.0001,100,0.05,sorted_selection_part,4,0,5,Baseline,0,Run10,484.7860443305414
10,1000000,0.06,200,0.5,Normal,Probabilistic_crossover,0.5,Uniform,0.05,0.0001,100,0.05,sorted_selection_part,4,0,5,Lamarck,1,Run1,1235.742406800082
11,1000000,0.06,200,0.5,Normal,Probabilistic_crossover,0.5,Uniform,0.05,0.0001,100,0.05,sorted_selection_part,4,0,5,Lamarck,1,Run2,1978.9366637992
12,1000000,0.06,200,0.5,Normal,Probabilistic_crossover,0.5,Uniform,0.05,0.0001,100,0.05,sorted_selection_part,4,0,5,Lamarck,1,Run3,1249.5718376806076
13,1000000,0.06,200,0.5,Normal,Probabilistic_crossover,0.5,Uniform,0.05,0.0001,100,0.05,sorted_selection_part,4,0,5,Lamarck,1,Run4,1763.7273653748357
14,1000000,0.06,200,0.5,Normal,Probabilistic_crossover,0.5,Uniform,0.05,0.0001,100,0.05,sorted_selection_part,4,0,5,Lamarck,1,Run5,1503.2322196565583
15,1000000,0.06,200,0.5,Normal,Probabilistic_crossover,0.5,Uniform,0.05,0.0001,100,0.05,sorted_selection_part,4,0,5,Lamarck,1,Run6,1173.9418948653006
16,1000000,0.06,200,0.5,Normal,Probabilistic_crossover,0.5,Uniform,0.05,0.0001,100,0.05,sorted_selection_part,4,0,5,Lamarck,1,Run7,1581.0464397112096
17,1000000,0.06,200,0.5,Normal,Probabilistic_crossover,0.5,Uniform,0.05,0.0001,100,0.05,sorted_selection_part,4,0,5,Lamarck,1,Run8,1900.479056177608
18,1000000,0.06,200,0.5,Normal,Probabilistic_crossover,0.5,Uniform,0.05,0.0001,100,0.05,sorted_selection_part,4,0,5,Lamarck,1,Run9,1553.9316453678382
19,1000000,0.06,200,0.5,Normal,Probabilistic_crossover,0.5,Uniform,0.05,0.0001,100,0.05,sorted_selection_part,4,0,5,Lamarck,1,Run10,1727.5392818138837
20,1000000,0.06,200,0.5,Normal,Probabilistic_crossover,0.5,Uniform,0.05,0.0001,100,0.05,sorted_selection_part,4,0,5,Baldwin,2,Run1,1365.0661991312734
21,1000000,0.06,200,0.5,Normal,Probabilistic_crossover,0.5,Uniform,0.05,0.0001,100,0.05,sorted_selection_part,4,0,5,Baldwin,2,Run2,1579.163483432412
22,1000000,0.06,200,0.5,Normal,Probabilistic_crossover,0.5,Uniform,0.05,0.0001,100,0.05,sorted_selection_part,4,0,5,Baldwin,2,Run3,1260.2852288833014
23,1000000,0.06,200,0.5,Normal,Probabilistic_crossover,0.5,Uniform,0.05,0.0001,100,0.05,sorted_selection_part,4,0,5,Baldwin,2,Run4,1721.5862194588274
24,1000000,0.06,200,0.5,Normal,Probabilistic_crossover,0.5,Uniform,0.05,0.0001,100,0.05,sorted_selection_part,4,0,5,Baldwin,2,Run5,1588.3981256212958
25,1000000,0.06,200,0.5,Normal,Probabilistic_crossover,0.5,Uniform,0.05,0.0001,100,0.05,sorted_selection_part,4,0,5,Baldwin,2,Run6,2218.017376398175
26,1000000,0.06,200,0.5,Normal,Probabilistic_crossover,0.5,Uniform,0.05,0.0001,100,0.05,sorted_selection_part,4,0,5,Baldwin,2,Run7,1583.529781077301
27,1000000,0.06,200,0.5,Normal,Probabilistic_crossover,0.5,Uniform,0.05,0.0001,100,0.05,sorted_selection_part,4,0,5,Baldwin,2,Run8,1299.3388612642575
28,1000000,0.06,200,0.5,Normal,Probabilistic_crossover,0.5,Uniform,0.05,0.0001,100,0.05,sorted_selection_part,4,0,5,Baldwin,2,Run9,1624.2723661066825
29,1000000,0.06,200,0.5,Normal,Probabilistic_crossover,0.5,Uniform,0.05,0.0001,100,0.05,sorted_selection_part,4,0,5,Baldwin,2,Run10,1401.4739138684574
30,1000000,0.06,200,0.5,Normal,Probabilistic_crossover,0.5,Uniform,0.05,0.0001,100,0.05,sorted_selection_part,4,0,21,Baseline,3,Run1,-10.153199571622665
31,1000000,0.06,200,0.5,Normal,Probabilistic_crossover,0.5,Uniform,0.05,0.0001,100,0.05,sorted_selection_part,4,0,21,Baseline,3,Run2,-5.1007721349607404
32,1000000,0.06,200,0.5,Normal,Probabilistic_crossover,0.5,Uniform,0.05,0.0001,100,0.05,sorted_selection_part,4,0,21,Baseline,3,Run3,-10.153199653487356
33,1000000,0.06,200,0.5,Normal,Probabilistic_crossover,0.5,Uniform,0.05,0.0001,100,0.05,sorted_selection_part,4,0,21,Baseline,3,Run4,-10.153199572035309
34,1000000,0.06,200,0.5,Normal,Probabilistic_crossover,0.5,Uniform,0.05,0.0001,100,0.05,sorted_selection_part,4,0,21,Baseline,3,Run5,-10.15319965303115
35,1000000,0.06,200,0.5,Normal,Probabilistic_crossover,0.5,Uniform,0.05,0.0001,100,0.05,sorted_selection_part,4,0,21,Baseline,3,Run6,-2.63047160514783
36,1000000,0.06,200,0.5,Normal,Probabilistic_crossover,0.5,Uniform,0.05,0.0001,100,0.05,sorted_selection_part,4,0,21,Baseline,3,Run7,-10.153199621391686
37,1000000,0.06,200,0.5,Normal,Probabilistic_crossover,0.5,Uniform,0.05,0.0001,100,0.05,sorted_selection_part,4,0,21,Baseline,3,Run8,-2.6828603860839397
38,1000000,0.06,200,0.5,Normal,Probabilistic_crossover,0.5,Uniform,0.05,0.0001,100,0.05,sorted_selection_part,4,0,21,Baseline,3,Run9,-10.153199656446835
39,1000000,0.06,200,0.5,Normal,Probabilistic_crossover,0.5,Uniform,0.05,0.0001,100,0.05,sorted_selection_part,4,0,21,Baseline,3,Run10,-10.153199662980224
40,1000000,0.06,200,0.5,Normal,Probabilistic_crossover,0.5,Uniform,0.05,0.0001,100,0.05,sorted_selection_part,4,0,21,Lamarck,4,Run1,-5.100772088627459
41,1000000,0.06,200,0.5,Normal,Probabilistic_crossover,0.5,Uniform,0.05,0.0001,100,0.05,sorted_selection_part,4,0,21,Lamarck,4,Run2,-2.6828603738501013
42,1000000,0.06,200,0.5,Normal,Probabilistic_crossover,0.5,Uniform,0.05,0.0001,100,0.05,sorted_selection_part,4,0,21,Lamarck,4,Run3,-10.153199111340596
43,1000000,0.06,200,0.5,Normal,Probabilistic_crossover,0.5,Uniform,0.05,0.0001,100,0.05,sorted_selection_part,4,0,21,Lamarck,4,Run4,-10.153199322246916
44,1000000,0.06,200,0.5,Normal,Probabilistic_crossover,0.5,Uniform,0.05,0.0001,100,0.05,sorted_selection_part,4,0,21,Lamarck,4,Run5,-2.6828603837426943
45,1000000,0.06,200,0.5,Normal,Probabilistic_crossover,0.5,Uniform,0.05,0.0001,100,0.05,sorted_selection_part,4,0,21,Lamarck,4,Run6,-10.153199604224938
46,1000000,0.06,200,0.5,Normal,Probabilistic_crossover,0.5,Uniform,0.05,0.0001,100,0.05,sorted_selection_part,4,0,21,Lamarck,4,Run7,-10.153197528545734
47,1000000,0.06,200,0.5,Normal,Probabilistic_crossover,0.5,Uniform,0.05,0.0001,100,0.05,sorted_selection_part,4,0,21,Lamarck,4,Run8,-5.1007720241529
48,1000000,0.06,200,0.5,Normal,Probabilistic_crossover,0.5,Uniform,0.05,0.0001,100,0.05,sorted_selection_part,4,0,21,Lamarck,4,Run9,-10.153198638875145
49,1000000,0.06,200,0.5,Normal,Probabilistic_crossover,0.5,Uniform,0.05,0.0001,100,0.05,sorted_selection_part,4,0,21,Lamarck,4,Run10,-10.15319923171008
50,1000000,0.06,200,0.5,Normal,Probabilistic_crossover,0.5,Uniform,0.05,0.0001,100,0.05,sorted_selection_part,4,0,21,Baldwin,5,Run1,-2.630471596456702
51,1000000,0.06,200,0.5,Normal,Probabilistic_crossover,0.5,Uniform,0.05,0.0001,100,0.05,sorted_selection_part,4,0,21,Baldwin,5,Run2,-2.6828603808092057
52,1000000,0.06,200,0.5,Normal,Probabilistic_crossover,0.5,Uniform,0.05,0.0001,100,0.05,sorted_selection_part,4,0,21,Baldwin,5,Run3,-10.153199608761208
53,1000000,0.06,200,0.5,Normal,Probabilistic_crossover,0.5,Uniform,0.05,0.0001,100,0.05,sorted_selection_part,4,0,21,Baldwin,5,Run4,-10.153197067987534
54,1000000,0.06,200,0.5,Normal,Probabilistic_crossover,0.5,Uniform,0.05,0.0001,100,0.05,sorted_selection_part,4,0,21,Baldwin,5,Run5,-10.153197011346087
55,1000000,0.06,200,0.5,Normal,Probabilistic_crossover,0.5,Uniform,0.05,0.0001,100,0.05,sorted_selection_part,4,0,21,Baldwin,5,Run6,-10.153188790908509
56,1000000,0.06,200,0.5,Normal,Probabilistic_crossover,0.5,Uniform,0.05,0.0001,100,0.05,sorted_selection_part,4,0,21,Baldwin,5,Run7,-10.15319532855706
57,1000000,0.06,200,0.5,Normal,Probabilistic_crossover,0.5,Uniform,0.05,0.0001,100,0.05,sorted_selection_part,4,0,21,Baldwin,5,Run8,-5.1007713559016805
58,1000000,0.06,200,0.5,Normal,Probabilistic_crossover,0.5,Uniform,0.05,0.0001,100,0.05,sorted_selection_part,4,0,21,Baldwin,5,Run9,-10.153198967183585
59,1000000,0.06,200,0.5,Normal,Probabilistic_crossover,0.5,Uniform,0.05,0.0001,100,0.05,sorted_selection_part,4,0,21,Baldwin,5,Run10,-2.6304716414419493
60,1000000,0.03,200,0.5,Normal,Probabilistic_crossover,0.5,Uniform,0.05,0.0001,100,0.05,sorted_selection_part,4,0,5,Baseline,6,Run1,134.35267408432054
61,1000000,0.03,200,0.5,Normal,Probabilistic_crossover,0.5,Uniform,0.05,0.0001,100,0.05,sorted_selection_part,4,0,5,Baseline,6,Run2,197.6971383662516
62,1000000,0.03,200,0.5,Normal,Probabilistic_crossover,0.5,Uniform,0.05,0.0001,100,0.05,sorted_selection_part,4,0,5,Baseline,6,Run3,296.1042637761407
63,1000000,0.03,200,0.5,Normal,Probabilistic_crossover,0.5,Uniform,0.05,0.0001,100,0.05,sorted_selection_part,4,0,5,Baseline,6,Run4,320.509535201636
64,1000000,0.03,200,0.5,Normal,Probabilistic_crossover,0.5,Uniform,0.05,0.0001,100,0.05,sorted_selection_part,4,0,5,Baseline,6,Run5,243.20899351467037
65,1000000,0.03,200,0.5,Normal,Probabilistic_crossover,0.5,Uniform,0.05,0.0001,100,0.05,sorted_selection_part,4,0,5,Baseline,6,Run6,296.01038499002584
66,1000000,0.03,200,0.5,Normal,Probabilistic_crossover,0.5,Uniform,0.05,0.0001,100,0.05,sorted_selection_part,4,0,5,Baseline,6,Run7,250.15560110264545
67,1000000,0.03,200,0.5,Normal,Probabilistic_crossover,0.5,Uniform,0.05,0.0001,100,0.05,sorted_selection_part,4,0,5,Baseline,6,Run8,178.77847224039022
68,1000000,0.03,200,0.5,Normal,Probabilistic_crossover,0.5,Uniform,0.05,0.0001,100,0.05,sorted_selection_part,4,0,5,Baseline,6,Run9,305.3770885090221
69,1000000,0.03,200,0.5,Normal,Probabilistic_crossover,0.5,Uniform,0.05,0.0001,100,0.05,sorted_selection_part,4,0,5,Baseline,6,Run10,252.5627086399045
70,1000000,0.03,200,0.5,Normal,Probabilistic_crossover,0.5,Uniform,0.05,0.0001,100,0.05,sorted_selection_part,4,0,5,Lamarck,7,Run1,2524.124523622931
71,1000000,0.03,200,0.5,Normal,Probabilistic_crossover,0.5,Uniform,0.05,0.0001,100,0.05,sorted_selection_part,4,0,5,Lamarck,7,Run2,399.498872350161
72,1000000,0.03,200,0.5,Normal,Probabilistic_crossover,0.5,Uniform,0.05,0.0001,100,0.05,sorted_selection_part,4,0,5,Lamarck,7,Run3,417.08856347321887
73,1000000,0.03,200,0.5,Normal,Probabilistic_crossover,0.5,Uniform,0.05,0.0001,100,0.05,sorted_selection_part,4,0,5,Lamarck,7,Run4,350.37770777436685
74,1000000,0.03,200,0.5,Normal,Probabilistic_crossover,0.5,Uniform,0.05,0.0001,100,0.05,sorted_selection_part,4,0,5,Lamarck,7,Run5,429.63523932736393
75,1000000,0.03,200,0.5,Normal,Probabilistic_crossover,0.5,Uniform,0.05,0.0001,100,0.05,sorted_selection_part,4,0,5,Lamarck,7,Run6,348.524311493807
76,1000000,0.03,200,0.5,Normal,Probabilistic_crossover,0.5,Uniform,0.05,0.0001,100,0.05,sorted_selection_part,4,0,5,Lamarck,7,Run7,417.04177849530976
77,1000000,0.03,200,0.5,Normal,Probabilistic_crossover,0.5,Uniform,0.05,0.0001,100,0.05,sorted_selection_part,4,0,5,Lamarck,7,Run8,292.05682585239884
78,1000000,0.03,200,0.5,Normal,Probabilistic_crossover,0.5,Uniform,0.05,0.0001,100,0.05,sorted_selection_part,4,0,5,Lamarck,7,Run9,442.960180242006
79,1000000,0.03,200,0.5,Normal,Probabilistic_crossover,0.5,Uniform,0.05,0.0001,100,0.05,sorted_selection_part,4,0,5,Lamarck,7,Run10,1048.2837619412878
80,1000000,0.03,200,0.5,Normal,Probabilistic_crossover,0.5,Uniform,0.05,0.0001,100,0.05,sorted_selection_part,4,0,5,Baldwin,8,Run1,343.5825783097436
81,1000000,0.03,200,0.5,Normal,Probabilistic_crossover,0.5,Uniform,0.05,0.0001,100,0.05,sorted_selection_part,4,0,5,Baldwin,8,Run2,283.6532097128195
82,1000000,0.03,200,0.5,Normal,Probabilistic_crossover,0.5,Uniform,0.05,0.0001,100,0.05,sorted_selection_part,4,0,5,Baldwin,8,Run3,413.95100338797874
83,1000000,0.03,200,0.5,Normal,Probabilistic_crossover,0.5,Uniform,0.05,0.0001,100,0.05,sorted_selection_part,4,0,5,Baldwin,8,Run4,403.1630596583021
84,1000000,0.03,200,0.5,Normal,Probabilistic_crossover,0.5,Uniform,0.05,0.0001,100,0.05,sorted_selection_part,4,0,5,Baldwin,8,Run5,463.6914544356923
85,1000000,0.03,200,0.5,Normal,Probabilistic_crossover,0.5,Uniform,0.05,0.0001,100,0.05,sorted_selection_part,4,0,5,Baldwin,8,Run6,349.68093037111817
86,1000000,0.03,200,0.5,Normal,Probabilistic_crossover,0.5,Uniform,0.05,0.0001,100,0.05,sorted_selection_part,4,0,5,Baldwin,8,Run7,483.4623222614537
87,1000000,0.03,200,0.5,Normal,Probabilistic_crossover,0.5,Uniform,0.05,0.0001,100,0.05,sorted_selection_part,4,0,5,Baldwin,8,Run8,345.6271740704851
88,1000000,0.03,200,0.5,Normal,Probabilistic_crossover,0.5,Uniform,0.05,0.0001,100,0.05,sorted_selection_part,4,0,5,Baldwin,8,Run9,2243.484534269944
89,1000000,0.03,200,0.5,Normal,Probabilistic_crossover,0.5,Uniform,0.05,0.0001,100,0.05,sorted_selection_part,4,0,5,Baldwin,8,Run10,322.65040778386583
90,1000000,0.03,200,0.5,Normal,Probabilistic_crossover,0.5,Uniform,0.05,0.0001,100,0.05,sorted_selection_part,4,0,21,Baseline,9,Run1,-2.682860388201777
91,1000000,0.03,200,0.5,Normal,Probabilistic_crossover,0.5,Uniform,0.05,0.0001,100,0.05,sorted_selection_part,4,0,21,Baseline,9,Run2,-2.6828603867849363
92,1000000,0.03,200,0.5,Normal,Probabilistic_crossover,0.5,Uniform,0.05,0.0001,100,0.05,sorted_selection_part,4,0,21,Baseline,9,Run3,-2.630471643250397
93,1000000,0.03,200,0.5,Normal,Probabilistic_crossover,0.5,Uniform,0.05,0.0001,100,0.05,sorted_selection_part,4,0,21,Baseline,9,Run4,-10.153199468565028
94,1000000,0.03,200,0.5,Normal,Probabilistic_crossover,0.5,Uniform,0.05,0.0001,100,0.05,sorted_selection_part,4,0,21,Baseline,9,Run5,-2.682860242381703
95,1000000,0.03,200,0.5,Normal,Probabilistic_crossover,0.5,Uniform,0.05,0.0001,100,0.05,sorted_selection_part,4,0,21,Baseline,9,Run6,-5.100772085161724
96,1000000,0.03,200,0.5,Normal,Probabilistic_crossover,0.5,Uniform,0.05,0.0001,100,0.05,sorted_selection_part,4,0,21,Baseline,9,Run7,-5.100772135813276
97,1000000,0.03,200,0.5,Normal,Probabilistic_crossover,0.5,Uniform,0.05,0.0001,100,0.05,sorted_selection_part,4,0,21,Baseline,9,Run8,-5.100771904914081
98,1000000,0.03,200,0.5,Normal,Probabilistic_crossover,0.5,Uniform,0.05,0.0001,100,0.05,sorted_selection_part,4,0,21,Baseline,9,Run9,-2.682860349140477
99,1000000,0.03,200,0.5,Normal,Probabilistic_crossover,0.5,Uniform,0.05,0.0001,100,0.05,sorted_selection_part,4,0,21,Baseline,9,Run10,-2.6304716503354517
100,1000000,0.03,200,0.5,Normal,Probabilistic_crossover,0.5,Uniform,0.05,0.0001,100,0.05,sorted_selection_part,4,0,21,Lamarck,10,Run1,-10.153198196319266
101,1000000,0.03,200,0.5,Normal,Probabilistic_crossover,0.5,Uniform,0.05,0.0001,100,0.05,sorted_selection_part,4,0,21,Lamarck,10,Run2,-2.682860308433506
102,1000000,0.03,200,0.5,Normal,Probabilistic_crossover,0.5,Uniform,0.05,0.0001,100,0.05,sorted_selection_part,4,0,21,Lamarck,10,Run3,-5.10077208937752
103,1000000,0.03,200,0.5,Normal,Probabilistic_crossover,0.5,Uniform,0.05,0.0001,100,0.05,sorted_selection_part,4,0,21,Lamarck,10,Run4,-2.682860382371488
104,1000000,0.03,200,0.5,Normal,Probabilistic_crossover,0.5,Uniform,0.05,0.0001,100,0.05,sorted_selection_part,4,0,21,Lamarck,10,Run5,-10.153199250892328
105,1000000,0.03,200,0.5,Normal,Probabilistic_crossover,0.5,Uniform,0.05,0.0001,100,0.05,sorted_selection_part,4,0,21,Lamarck,10,Run6,-10.153199413435033
106,1000000,0.03,200,0.5,Normal,Probabilistic_crossover,0.5,Uniform,0.05,0.0001,100,0.05,sorted_selection_part,4,0,21,Lamarck,10,Run7,-10.153199552377515
107,1000000,0.03,200,0.5,Normal,Probabilistic_crossover,0.5,Uniform,0.05,0.0001,100,0.05,sorted_selection_part,4,0,21,Lamarck,10,Run8,-10.15319957464332
108,1000000,0.03,200,0.5,Normal,Probabilistic_crossover,0.5,Uniform,0.05,0.0001,100,0.05,sorted_selection_part,4,0,21,Lamarck,10,Run9,-5.100771913398303
109,1000000,0.03,200,0.5,Normal,Probabilistic_crossover,0.5,Uniform,0.05,0.0001,100,0.05,sorted_selection_part,4,0,21,Lamarck,10,Run10,-5.100772055182619
110,1000000,0.03,200,0.5,Normal,Probabilistic_crossover,0.5,Uniform,0.05,0.0001,100,0.05,sorted_selection_part,4,0,21,Baldwin,11,Run1,-10.153193463031869
111,1000000,0.03,200,0.5,Normal,Probabilistic_crossover,0.5,Uniform,0.05,0.0001,100,0.05,sorted_selection_part,4,0,21,Baldwin,11,Run2,-5.055197046312244
112,1000000,0.03,200,0.5,Normal,Probabilistic_crossover,0.5,Uniform,0.05,0.0001,100,0.05,sorted_selection_part,4,0,21,Baldwin,11,Run3,-10.153194578942548
113,1000000,0.03,200,0.5,Normal,Probabilistic_crossover,0.5,Uniform,0.05,0.0001,100,0.05,sorted_selection_part,4,0,21,Baldwin,11,Run4,-5.100771353728681
114,1000000,0.03,200,0.5,Normal,Probabilistic_crossover,0.5,Uniform,0.05,0.0001,100,0.05,sorted_selection_part,4,0,21,Baldwin,11,Run5,-2.682860252013037
115,1000000,0.03,200,0.5,Normal,Probabilistic_crossover,0.5,Uniform,0.05,0.0001,100,0.05,sorted_selection_part,4,0,21,Baldwin,11,Run6,-10.153198659920491
116,1000000,0.03,200,0.5,Normal,Probabilistic_crossover,0.5,Uniform,0.05,0.0001,100,0.05,sorted_selection_part,4,0,21,Baldwin,11,Run7,-5.10077205314222
117,1000000,0.03,200,0.5,Normal,Probabilistic_crossover,0.5,Uniform,0.05,0.0001,100,0.05,sorted_selection_part,4,0,21,Baldwin,11,Run8,-5.1007720645232135
118,1000000,0.03,200,0.5,Normal,Probabilistic_crossover,0.5,Uniform,0.05,0.0001,100,0.05,sorted_selection_part,4,0,21,Baldwin,11,Run9,-2.682860232465748
119,1000000,0.03,200,0.5,Normal,Probabilistic_crossover,0.5,Uniform,0.05,0.0001,100,0.05,sorted_selection_part,4,0,21,Baldwin,11,Run10,-2.6828601727456767
120,1000000,0.06,100,0.6,Normal,Probabilistic_crossover,0.5,Uniform,0.05,0.0001,100,0.05,sorted_selection_part,4,0,5,Baseline,12,Run1,453.784217826062
121,1000000,0.06,100,0.6,Normal,Probabilistic_crossover,0.5,Uniform,0.05,0.0001,100,0.05,sorted_selection_part,4,0,5,Baseline,12,Run2,415.2929206302226
122,1000000,0.06,100,0.6,Normal,Probabilistic_crossover,0.5,Uniform,0.05,0.0001,100,0.05,sorted_selection_part,4,0,5,Baseline,12,Run3,446.4438298206832
123,1000000,0.06,100,0.6,Normal,Probabilistic_crossover,0.5,Uniform,0.05,0.0001,100,0.05,sorted_selection_part,4,0,5,Baseline,12,Run4,404.1170925228596
124,1000000,0.06,100,0.6,Normal,Probabilistic_crossover,0.5,Uniform,0.05,0.0001,100,0.05,sorted_selection_part,4,0,5,Baseline,12,Run5,1085.6192041212596
125,1000000,0.06,100,0.6,Normal,Probabilistic_crossover,0.5,Uniform,0.05,0.0001,100,0.05,sorted_selection_part,4,0,5,Baseline,12,Run6,553.2161483932325
126,1000000,0.06,100,0.6,Normal,Probabilistic_crossover,0.5,Uniform,0.05,0.0001,100,0.05,sorted_selection_part,4,0,5,Baseline,12,Run7,476.782320093606
127,1000000,0.06,100,0.6,Normal,Probabilistic_crossover,0.5,Uniform,0.05,0.0001,100,0.05,sorted_selection_part,4,0,5,Baseline,12,Run8,456.4157554167299
128,1000000,0.06,100,0.6,Normal,Probabilistic_crossover,0.5,Uniform,0.05,0.0001,100,0.05,sorted_selection_part,4,0,5,Baseline,12,Run9,467.401800701323
129,1000000,0.06,100,0.6,Normal,Probabilistic_crossover,0.5,Uniform,0.05,0.0001,100,0.05,sorted_selection_part,4,0,5,Baseline,12,Run10,349.22777719502847
130,1000000,0.06,100,0.6,Normal,Probabilistic_crossover,0.5,Uniform,0.05,0.0001,100,0.05,sorted_selection_part,4,0,5,Lamarck,13,Run1,1465.332951238515
131,1000000,0.06,100,0.6,Normal,Probabilistic_crossover,0.5,Uniform,0.05,0.0001,100,0.05,sorted_selection_part,4,0,5,Lamarck,13,Run2,955.3036188853706
132,1000000,0.06,100,0.6,Normal,Probabilistic_crossover,0.5,Uniform,0.05,0.0001,100,0.05,sorted_selection_part,4,0,5,Lamarck,13,Run3,1201.8421753354237
133,1000000,0.06,100,0.6,Normal,Probabilistic_crossover,0.5,Uniform,0.05,0.0001,100,0.05,sorted_selection_part,4,0,5,Lamarck,13,Run4,976.9168988094242
134,1000000,0.06,100,0.6,Normal,Probabilistic_crossover,0.5,Uniform,0.05,0.0001,100,0.05,sorted_selection_part,4,0,5,Lamarck,13,Run5,759.4670472805008
135,1000000,0.06,100,0.6,Normal,Probabilistic_crossover,0.5,Uniform,0.05,0.0001,100,0.05,sorted_selection_part,4,0,5,Lamarck,13,Run6,880.6526384720545
136,1000000,0.06,100,0.6,Normal,Probabilistic_crossover,0.5,Uniform,0.05,0.0001,100,0.05,sorted_selection_part,4,0,5,Lamarck,13,Run7,1008.6976376789796
137,1000000,0.06,100,0.6,Normal,Probabilistic_crossover,0.5,Uniform,0.05,0.0001,100,0.05,sorted_selection_part,4,0,5,Lamarck,13,Run8,1195.725429523569
138,1000000,0.06,100,0.6,Normal,Probabilistic_crossover,0.5,Uniform,0.05,0.0001,100,0.05,sorted_selection_part,4,0,5,Lamarck,13,Run9,853.43136352398
139,1000000,0.06,100,0.6,Normal,Probabilistic_crossover,0.5,Uniform,0.05,0.0001,100,0.05,sorted_selection_part,4,0,5,Lamarck,13,Run10,858.877762900574
140,1000000,0.06,100,0.6,Normal,Probabilistic_crossover,0.5,Uniform,0.05,0.0001,100,0.05,sorted_selection_part,4,0,5,Baldwin,14,Run1,1129.362466556923
141,1000000,0.06,100,0.6,Normal,Probabilistic_crossover,0.5,Uniform,0.05,0.0001,100,0.05,sorted_selection_part,4,0,5,Baldwin,14,Run2,920.0522019642034
142,1000000,0.06,100,0.6,Normal,Probabilistic_crossover,0.5,Uniform,0.05,0.0001,100,0.05,sorted_selection_part,4,0,5,Baldwin,14,Run3,1123.9486800832633
143,1000000,0.06,100,0.6,Normal,Probabilistic_crossover,0.5,Uniform,0.05,0.0001,100,0.05,sorted_selection_part,4,0,5,Baldwin,14,Run4,1038.8846158257084
144,1000000,0.06,100,0.6,Normal,Probabilistic_crossover,0.5,Uniform,0.05,0.0001,100,0.05,sorted_selection_part,4,0,5,Baldwin,14,Run5,1021.3310897458778
145,1000000,0.06,100,0.6,Normal,Probabilistic_crossover,0.5,Uniform,0.05,0.0001,100,0.05,sorted_selection_part,4,0,5,Baldwin,14,Run6,1398.7876468831785
146,1000000,0.06,100,0.6,Normal,Probabilistic_crossover,0.5,Uniform,0.05,0.0001,100,0.05,sorted_selection_part,4,0,5,Baldwin,14,Run7,3464.6903996090014
147,1000000,0.06,100,0.6,Normal,Probabilistic_crossover,0.5,Uniform,0.05,0.0001,100,0.05,sorted_selection_part,4,0,5,Baldwin,14,Run8,2613.9650880195613
148,1000000,0.06,100,0.6,Normal,Probabilistic_crossover,0.5,Uniform,0.05,0.0001,100,0.05,sorted_selection_part,4,0,5,Baldwin,14,Run9,1247.760225966258
149,1000000,0.06,100,0.6,Normal,Probabilistic_crossover,0.5,Uniform,0.05,0.0001,100,0.05,sorted_selection_part,4,0,5,Baldwin,14,Run10,1092.2518671799244
150,1000000,0.06,100,0.6,Normal,Probabilistic_crossover,0.5,Uniform,0.05,0.0001,100,0.05,sorted_selection_part,4,0,21,Baseline,15,Run1,-2.682860392164584
151,1000000,0.06,100,0.6,Normal,Probabilistic_crossover,0.5,Uniform,0.05,0.0001,100,0.05,sorted_selection_part,4,0,21,Baseline,15,Run2,-5.100772122235813
152,1000000,0.06,100,0.6,Normal,Probabilistic_crossover,0.5,Uniform,0.05,0.0001,100,0.05,sorted_selection_part,4,0,21,Baseline,15,Run3,-5.100772070964651
153,1000000,0.06,100,0.6,Normal,Probabilistic_crossover,0.5,Uniform,0.05,0.0001,100,0.05,sorted_selection_part,4,0,21,Baseline,15,Run4,-5.100772112665855
154,1000000,0.06,100,0.6,Normal,Probabilistic_crossover,0.5,Uniform,0.05,0.0001,100,0.05,sorted_selection_part,4,0,21,Baseline,15,Run5,-2.6304716324922133
155,1000000,0.06,100,0.6,Normal,Probabilistic_crossover,0.5,Uniform,0.05,0.0001,100,0.05,sorted_selection_part,4,0,21,Baseline,15,Run6,-2.682860386702726
156,1000000,0.06,100,0.6,Normal,Probabilistic_crossover,0.5,Uniform,0.05,0.0001,100,0.05,sorted_selection_part,4,0,21,Baseline,15,Run7,-5.100772025503814
157,1000000,0.06,100,0.6,Normal,Probabilistic_crossover,0.5,Uniform,0.05,0.0001,100,0.05,sorted_selection_part,4,0,21,Baseline,15,Run8,-2.6828603806237554
158,1000000,0.06,100,0.6,Normal,Probabilistic_crossover,0.5,Uniform,0.05,0.0001,100,0.05,sorted_selection_part,4,0,21,Baseline,15,Run9,-5.055197693465634
159,1000000,0.06,100,0.6,Normal,Probabilistic_crossover,0.5,Uniform,0.05,0.0001,100,0.05,sorted_selection_part,4,0,21,Baseline,15,Run10,-10.153199601132364
160,1000000,0.06,100,0.6,Normal,Probabilistic_crossover,0.5,Uniform,0.05,0.0001,100,0.05,sorted_selection_part,4,0,21,Lamarck,16,Run1,-5.1007720373265695
161,1000000,0.06,100,0.6,Normal,Probabilistic_crossover,0.5,Uniform,0.05,0.0001,100,0.05,sorted_selection_part,4,0,21,Lamarck,16,Run2,-2.6304716157696144
162,1000000,0.06,100,0.6,Normal,Probabilistic_crossover,0.5,Uniform,0.05,0.0001,100,0.05,sorted_selection_part,4,0,21,Lamarck,16,Run3,-5.1007719619863945
163,1000000,0.06,100,0.6,Normal,Probabilistic_crossover,0.5,Uniform,0.05,0.0001,100,0.05,sorted_selection_part,4,0,21,Lamarck,16,Run4,-5.055197365351881
164,1000000,0.06,100,0.6,Normal,Probabilistic_crossover,0.5,Uniform,0.05,0.0001,100,0.05,sorted_selection_part,4,0,21,Lamarck,16,Run5,-2.6304716624192213
165,1000000,0.06,100,0.6,Normal,Probabilistic_crossover,0.5,Uniform,0.05,0.0001,100,0.05,sorted_selection_part,4,0,21,Lamarck,16,Run6,-10.153199252060748
166,1000000,0.06,100,0.6,Normal,Probabilistic_crossover,0.5,Uniform,0.05,0.0001,100,0.05,sorted_selection_part,4,0,21,Lamarck,16,Run7,-5.10077213208259
167,1000000,0.06,100,0.6,Normal,Probabilistic_crossover,0.5,Uniform,0.05,0.0001,100,0.05,sorted_selection_part,4,0,21,Lamarck,16,Run8,-2.6828603332389
168,1000000,0.06,100,0.6,Normal,Probabilistic_crossover,0.5,Uniform,0.05,0.0001,100,0.05,sorted_selection_part,4,0,21,Lamarck,16,Run9,-5.100771897799584
169,1000000,0.06,100,0.6,Normal,Probabilistic_crossover,0.5,Uniform,0.05,0.0001,100,0.05,sorted_selection_part,4,0,21,Lamarck,16,Run10,-10.153199590920478
170,1000000,0.06,100,0.6,Normal,Probabilistic_crossover,0.5,Uniform,0.05,0.0001,100,0.05,sorted_selection_part,4,0,21,Baldwin,17,Run1,-5.055197027178407
171,1000000,0.06,100,0.6,Normal,Probabilistic_crossover,0.5,Uniform,0.05,0.0001,100,0.05,sorted_selection_part,4,0,21,Baldwin,17,Run2,-5.055197525350501
172,1000000,0.06,100,0.6,Normal,Probabilistic_crossover,0.5,Uniform,0.05,0.0001,100,0.05,sorted_selection_part,4,0,21,Baldwin,17,Run3,-2.63047141549348
173,1000000,0.06,100,0.6,Normal,Probabilistic_crossover,0.5,Uniform,0.05,0.0001,100,0.05,sorted_selection_part,4,0,21,Baldwin,17,Run4,-5.100771908921292
174,1000000,0.06,100,0.6,Normal,Probabilistic_crossover,0.5,Uniform,0.05,0.0001,100,0.05,sorted_selection_part,4,0,21,Baldwin,17,Run5,-10.153198830567565
175,1000000,0.06,100,0.6,Normal,Probabilistic_crossover,0.5,Uniform,0.05,0.0001,100,0.05,sorted_selection_part,4,0,21,Baldwin,17,Run6,-5.100770814320934
176,1000000,0.06,100,0.6,Normal,Probabilistic_crossover,0.5,Uniform,0.05,0.0001,100,0.05,sorted_selection_part,4,0,21,Baldwin,17,Run7,-10.153195842662912
177,1000000,0.06,100,0.6,Normal,Probabilistic_crossover,0.5,Uniform,0.05,0.0001,100,0.05,sorted_selection_part,4,0,21,Baldwin,17,Run8,-10.1531970928731
178,1000000,0.06,100,0.6,Normal,Probabilistic_crossover,0.5,Uniform,0.05,0.0001,100,0.05,sorted_selection_part,4,0,21,Baldwin,17,Run9,-2.6828600042591537
179,1000000,0.06,100,0.6,Normal,Probabilistic_crossover,0.5,Uniform,0.05,0.0001,100,0.05,sorted_selection_part,4,0,21,Baldwin,17,Run10,-5.0551970737666085
180,1000000,0.06,200,0.6,Normal,Probabilistic_crossover,0.5,Uniform,0.05,0.0001,100,0.05,sorted_selection_part,4,0,5,Baseline,18,Run1,440.60763500396536
181,1000000,0.06,200,0.6,Normal,Probabilistic_crossover,0.5,Uniform,0.05,0.0001,100,0.05,sorted_selection_part,4,0,5,Baseline,18,Run2,411.7951295260653
182,1000000,0.06,200,0.6,Normal,Probabilistic_crossover,0.5,Uniform,0.05,0.0001,100,0.05,sorted_selection_part,4,0,5,Baseline,18,Run3,521.006469494831
183,1000000,0.06,200,0.6,Normal,Probabilistic_crossover,0.5,Uniform,0.05,0.0001,100,0.05,sorted_selection_part,4,0,5,Baseline,18,Run4,461.6652674538432
184,1000000,0.06,200,0.6,Normal,Probabilistic_crossover,0.5,Uniform,0.05,0.0001,100,0.05,sorted_selection_part,4,0,5,Baseline,18,Run5,473.4566060226575
185,1000000,0.06,200,0.6,Normal,Probabilistic_crossover,0.5,Uniform,0.05,0.0001,100,0.05,sorted_selection_part,4,0,5,Baseline,18,Run6,571.3798395039983
186,1000000,0.06,200,0.6,Normal,Probabilistic_crossover,0.5,Uniform,0.05,0.0001,100,0.05,sorted_selection_part,4,0,5,Baseline,18,Run7,493.15133653088776
187,1000000,0.06,200,0.6,Normal,Probabilistic_crossover,0.5,Uniform,0.05,0.0001,100,0.05,sorted_selection_part,4,0,5,Baseline,18,Run8,582.7941564543321
188,1000000,0.06,200,0.6,Normal,Probabilistic_crossover,0.5,Uniform,0.05,0.0001,100,0.05,sorted_selection_part,4,0,5,Baseline,18,Run9,485.2588174117982
189,1000000,0.06,200,0.6,Normal,Probabilistic_crossover,0.5,Uniform,0.05,0.0001,100,0.05,sorted_selection_part,4,0,5,Baseline,18,Run10,593.5318058508864
190,1000000,0.06,200,0.6,Normal,Probabilistic_crossover,0.5,Uniform,0.05,0.0001,100,0.05,sorted_selection_part,4,0,5,Lamarck,19,Run1,1345.7744312230116
191,1000000,0.06,200,0.6,Normal,Probabilistic_crossover,0.5,Uniform,0.05,0.0001,100,0.05,sorted_selection_part,4,0,5,Lamarck,19,Run2,1039.971611159436
192,1000000,0.06,200,0.6,Normal,Probabilistic_crossover,0.5,Uniform,0.05,0.0001,100,0.05,sorted_selection_part,4,0,5,Lamarck,19,Run3,1400.869812065548
193,1000000,0.06,200,0.6,Normal,Probabilistic_crossover,0.5,Uniform,0.05,0.0001,100,0.05,sorted_selection_part,4,0,5,Lamarck,19,Run4,1392.8998703284617
194,1000000,0.06,200,0.6,Normal,Probabilistic_crossover,0.5,Uniform,0.05,0.0001,100,0.05,sorted_selection_part,4,0,5,Lamarck,19,Run5,1113.620041015579
195,1000000,0.06,200,0.6,Normal,Probabilistic_crossover,0.5,Uniform,0.05,0.0001,100,0.05,sorted_selection_part,4,0,5,Lamarck,19,Run6,1208.895399586232
196,1000000,0.06,200,0.6,Normal,Probabilistic_crossover,0.5,Uniform,0.05,0.0001,100,0.05,sorted_selection_part,4,0,5,Lamarck,19,Run7,1201.2474824594424
197,1000000,0.06,200,0.6,Normal,Probabilistic_crossover,0.5,Uniform,0.05,0.0001,100,0.05,sorted_selection_part,4,0,5,Lamarck,19,Run8,1705.9602448620485
198,1000000,0.06,200,0.6,Normal,Probabilistic_crossover,0.5,Uniform,0.05,0.0001,100,0.05,sorted_selection_part,4,0,5,Lamarck,19,Run9,2492.766574255049
199,1000000,0.06,200,0.6,Normal,Probabilistic_crossover,0.5,Uniform,0.05,0.0001,100,0.05,sorted_selection_part,4,0,5,Lamarck,19,Run10,1354.1234461412796
200,1000000,0.06,200,0.6,Normal,Probabilistic_crossover,0.5,Uniform,0.05,0.0001,100,0.05,sorted_selection_part,4,0,5,Baldwin,20,Run1,1556.071709807416
201,1000000,0.06,200,0.6,Normal,Probabilistic_crossover,0.5,Uniform,0.05,0.0001,100,0.05,sorted_selection_part,4,0,5,Baldwin,20,Run2,1424.375212447864
202,1000000,0.06,200,0.6,Normal,Probabilistic_crossover,0.5,Uniform,0.05,0.0001,100,0.05,sorted_selection_part,4,0,5,Baldwin,20,Run3,1451.3570805738166
203,1000000,0.06,200,0.6,Normal,Probabilistic_crossover,0.5,Uniform,0.05,0.0001,100,0.05,sorted_selection_part,4,0,5,Baldwin,20,Run4,3512.229291513102
204,1000000,0.06,200,0.6,Normal,Probabilistic_crossover,0.5,Uniform,0.05,0.0001,100,0.05,sorted_selection_part,4,0,5,Baldwin,20,Run5,3713.439703686665
205,1000000,0.06,200,0.6,Normal,Probabilistic_crossover,0.5,Uniform,0.05,0.0001,100,0.05,sorted_selection_part,4,0,5,Baldwin,20,Run6,1146.2424191789578
206,1000000,0.06,200,0.6,Normal,Probabilistic_crossover,0.5,Uniform,0.05,0.0001,100,0.05,sorted_selection_part,4,0,5,Baldwin,20,Run7,1640.651811012868
207,1000000,0.06,200,0.6,Normal,Probabilistic_crossover,0.5,Uniform,0.05,0.0001,100,0.05,sorted_selection_part,4,0,5,Baldwin,20,Run8,1447.8172389231038
208,1000000,0.06,200,0.6,Normal,Probabilistic_crossover,0.5,Uniform,0.05,0.0001,100,0.05,sorted_selection_part,4,0,5,Baldwin,20,Run9,2004.914807732565
209,1000000,0.06,200,0.6,Normal,Probabilistic_crossover,0.5,Uniform,0.05,0.0001,100,0.05,sorted_selection_part,4,0,5,Baldwin,20,Run10,1429.076383517888
210,1000000,0.06,200,0.6,Normal,Probabilistic_crossover,0.5,Uniform,0.05,0.0001,100,0.05,sorted_selection_part,4,0,21,Baseline,21,Run1,-5.100772115640733
211,1000000,0.06,200,0.6,Normal,Probabilistic_crossover,0.5,Uniform,0.05,0.0001,100,0.05,sorted_selection_part,4,0,21,Baseline,21,Run2,-5.055197721631341
212,1000000,0.06,200,0.6,Normal,Probabilistic_crossover,0.5,Uniform,0.05,0.0001,100,0.05,sorted_selection_part,4,0,21,Baseline,21,Run3,-10.153199508347896
213,1000000,0.06,200,0.6,Normal,Probabilistic_crossover,0.5,Uniform,0.05,0.0001,100,0.05,sorted_selection_part,4,0,21,Baseline,21,Run4,-10.15319948514336
214,1000000,0.06,200,0.6,Normal,Probabilistic_crossover,0.5,Uniform,0.05,0.0001,100,0.05,sorted_selection_part,4,0,21,Baseline,21,Run5,-2.682860387729197
215,1000000,0.06,200,0.6,Normal,Probabilistic_crossover,0.5,Uniform,0.05,0.0001,100,0.05,sorted_selection_part,4,0,21,Baseline,21,Run6,-5.100772112228905
216,1000000,0.06,200,0.6,Normal,Probabilistic_crossover,0.5,Uniform,0.05,0.0001,100,0.05,sorted_selection_part,4,0,21,Baseline,21,Run7,-10.153199583252505
217,1000000,0.06,200,0.6,Normal,Probabilistic_crossover,0.5,Uniform,0.05,0.0001,100,0.05,sorted_selection_part,4,0,21,Baseline,21,Run8,-2.6304716666594654
218,1000000,0.06,200,0.6,Normal,Probabilistic_crossover,0.5,Uniform,0.05,0.0001,100,0.05,sorted_selection_part,4,0,21,Baseline,21,Run9,-10.153199673601764
219,1000000,0.06,200,0.6,Normal,Probabilistic_crossover,0.5,Uniform,0.05,0.0001,100,0.05,sorted_selection_part,4,0,21,Baseline,21,Run10,-2.682860393921512
220,1000000,0.06,200,0.6,Normal,Probabilistic_crossover,0.5,Uniform,0.05,0.0001,100,0.05,sorted_selection_part,4,0,21,Lamarck,22,Run1,-5.10077204250105
221,1000000,0.06,200,0.6,Normal,Probabilistic_crossover,0.5,Uniform,0.05,0.0001,100,0.05,sorted_selection_part,4,0,21,Lamarck,22,Run2,-5.0551974292091
222,1000000,0.06,200,0.6,Normal,Probabilistic_crossover,0.5,Uniform,0.05,0.0001,100,0.05,sorted_selection_part,4,0,21,Lamarck,22,Run3,-10.1531992969016
223,1000000,0.06,200,0.6,Normal,Probabilistic_crossover,0.5,Uniform,0.05,0.0001,100,0.05,sorted_selection_part,4,0,21,Lamarck,22,Run4,-2.630471612374436
224,1000000,0.06,200,0.6,Normal,Probabilistic_crossover,0.5,Uniform,0.05,0.0001,100,0.05,sorted_selection_part,4,0,21,Lamarck,22,Run5,-10.153199651973178
225,1000000,0.06,200,0.6,Normal,Probabilistic_crossover,0.5,Uniform,0.05,0.0001,100,0.05,sorted_selection_part,4,0,21,Lamarck,22,Run6,-10.153199370339896
226,1000000,0.06,200,0.6,Normal,Probabilistic_crossover,0.5,Uniform,0.05,0.0001,100,0.05,sorted_selection_part,4,0,21,Lamarck,22,Run7,-10.153199632699488
227,1000000,0.06,200,0.6,Normal,Probabilistic_crossover,0.5,Uniform,0.05,0.0001,100,0.05,sorted_selection_part,4,0,21,Lamarck,22,Run8,-10.153199607850013
228,1000000,0.06,200,0.6,Normal,Probabilistic_crossover,0.5,Uniform,0.05,0.0001,100,0.05,sorted_selection_part,4,0,21,Lamarck,22,Run9,-5.100772012958704
229,1000000,0.06,200,0.6,Normal,Probabilistic_crossover,0.5,Uniform,0.05,0.0001,100,0.05,sorted_selection_part,4,0,21,Lamarck,22,Run10,-10.153199597989117
230,1000000,0.06,200,0.6,Normal,Probabilistic_crossover,0.5,Uniform,0.05,0.0001,100,0.05,sorted_selection_part,4,0,21,Baldwin,23,Run1,-10.153199084857098
231,1000000,0.06,200,0.6,Normal,Probabilistic_crossover,0.5,Uniform,0.05,0.0001,100,0.05,sorted_selection_part,4,0,21,Baldwin,23,Run2,-10.153189743255007
232,1000000,0.06,200,0.6,Normal,Probabilistic_crossover,0.5,Uniform,0.05,0.0001,100,0.05,sorted_selection_part,4,0,21,Baldwin,23,Run3,-10.153198917678656
233,1000000,0.06,200,0.6,Normal,Probabilistic_crossover,0.5,Uniform,0.05,0.0001,100,0.05,sorted_selection_part,4,0,21,Baldwin,23,Run4,-10.153199111170084
234,1000000,0.06,200,0.6,Normal,Probabilistic_crossover,0.5,Uniform,0.05,0.0001,100,0.05,sorted_selection_part,4,0,21,Baldwin,23,Run5,-10.153199398553246
235,1000000,0.06,200,0.6,Normal,Probabilistic_crossover,0.5,Uniform,0.05,0.0001,100,0.05,sorted_selection_part,4,0,21,Baldwin,23,Run6,-10.153199527161062
236,1000000,0.06,200,0.6,Normal,Probabilistic_crossover,0.5,Uniform,0.05,0.0001,100,0.05,sorted_selection_part,4,0,21,Baldwin,23,Run7,-10.153197497696697
237,1000000,0.06,200,0.6,Normal,Probabilistic_crossover,0.5,Uniform,0.05,0.0001,100,0.05,sorted_selection_part,4,0,21,Baldwin,23,Run8,-10.15319800136071
238,1000000,0.06,200,0.6,Normal,Probabilistic_crossover,0.5,Uniform,0.05,0.0001,100,0.05,sorted_selection_part,4,0,21,Baldwin,23,Run9,-10.153196180976318
239,1000000,0.06,200,0.6,Normal,Probabilistic_crossover,0.5,Uniform,0.05,0.0001,100,0.05,sorted_selection_part,4,0,21,Baldwin,23,Run10,-10.153198884071989
240,1000000,0.06,100,0.7,Normal,Probabilistic_crossover,0.5,Uniform,0.05,0.0001,100,0.05,sorted_selection_part,4,0,5,Baseline,24,Run1,406.5934201133404
241,1000000,0.06,100,0.7,Normal,Probabilistic_crossover,0.5,Uniform,0.05,0.0001,100,0.05,sorted_selection_part,4,0,5,Baseline,24,Run2,434.1025116513218
242,1000000,0.06,100,0.7,Normal,Probabilistic_crossover,0.5,Uniform,0.05,0.0001,100,0.05,sorted_selection_part,4,0,5,Baseline,24,Run3,425.652195513408
243,1000000,0.06,100,0.7,Normal,Probabilistic_crossover,0.5,Uniform,0.05,0.0001,100,0.05,sorted_selection_part,4,0,5,Baseline,24,Run4,438.5987962035697
244,1000000,0.06,100,0.7,Normal,Probabilistic_crossover,0.5,Uniform,0.05,0.0001,100,0.05,sorted_selection_part,4,0,5,Baseline,24,Run5,437.4019593428751
245,1000000,0.06,100,0.7,Normal,Probabilistic_crossover,0.5,Uniform,0.05,0.0001,100,0.05,sorted_selection_part,4,0,5,Baseline,24,Run6,461.2514925860828
246,1000000,0.06,100,0.7,Normal,Probabilistic_crossover,0.5,Uniform,0.05,0.0001,100,0.05,sorted_selection_part,4,0,5,Baseline,24,Run7,315.5584387872891
247,1000000,0.06,100,0.7,Normal,Probabilistic_crossover,0.5,Uniform,0.05,0.0001,100,0.05,sorted_selection_part,4,0,5,Baseline,24,Run8,327.3812658116095
248,1000000,0.06,100,0.7,Normal,Probabilistic_crossover,0.5,Uniform,0.05,0.0001,100,0.05,sorted_selection_part,4,0,5,Baseline,24,Run9,540.3434459981711
249,1000000,0.06,100,0.7,Normal,Probabilistic_crossover,0.5,Uniform,0.05,0.0001,100,0.05,sorted_selection_part,4,0,5,Baseline,24,Run10,3227.812577919145
250,1000000,0.06,100,0.7,Normal,Probabilistic_crossover,0.5,Uniform,0.05,0.0001,100,0.05,sorted_selection_part,4,0,5,Lamarck,25,Run1,881.4846749513051
251,1000000,0.06,100,0.7,Normal,Probabilistic_crossover,0.5,Uniform,0.05,0.0001,100,0.05,sorted_selection_part,4,0,5,Lamarck,25,Run2,1616.3869353468262
252,1000000,0.06,100,0.7,Normal,Probabilistic_crossover,0.5,Uniform,0.05,0.0001,100,0.05,sorted_selection_part,4,0,5,Lamarck,25,Run3,3031.0851214337467
253,1000000,0.06,100,0.7,Normal,Probabilistic_crossover,0.5,Uniform,0.05,0.0001,100,0.05,sorted_selection_part,4,0,5,Lamarck,25,Run4,1557.454437379672
254,1000000,0.06,100,0.7,Normal,Probabilistic_crossover,0.5,Uniform,0.05,0.0001,100,0.05,sorted_selection_part,4,0,5,Lamarck,25,Run5,986.1919318197348
255,1000000,0.06,100,0.7,Normal,Probabilistic_crossover,0.5,Uniform,0.05,0.0001,100,0.05,sorted_selection_part,4,0,5,Lamarck,25,Run6,1082.125117211936
256,1000000,0.06,100,0.7,Normal,Probabilistic_crossover,0.5,Uniform,0.05,0.0001,100,0.05,sorted_selection_part,4,0,5,Lamarck,25,Run7,924.4525811272327
257,1000000,0.06,100,0.7,Normal,Probabilistic_crossover,0.5,Uniform,0.05,0.0001,100,0.05,sorted_selection_part,4,0,5,Lamarck,25,Run8,1198.4475651866462
258,1000000,0.06,100,0.7,Normal,Probabilistic_crossover,0.5,Uniform,0.05,0.0001,100,0.05,sorted_selection_part,4,0,5,Lamarck,25,Run9,910.3096458217096
259,1000000,0.06,100,0.7,Normal,Probabilistic_crossover,0.5,Uniform,0.05,0.0001,100,0.05,sorted_selection_part,4,0,5,Lamarck,25,Run10,843.7374469538746
260,1000000,0.06,100,0.7,Normal,Probabilistic_crossover,0.5,Uniform,0.05,0.0001,100,0.05,sorted_selection_part,4,0,5,Baldwin,26,Run1,1232.5261670490916
261,1000000,0.06,100,0.7,Normal,Probabilistic_crossover,0.5,Uniform,0.05,0.0001,100,0.05,sorted_selection_part,4,0,5,Baldwin,26,Run2,1015.795304827074
262,1000000,0.06,100,0.7,Normal,Probabilistic_crossover,0.5,Uniform,0.05,0.0001,100,0.05,sorted_selection_part,4,0,5,Baldwin,26,Run3,861.372587826201
263,1000000,0.06,100,0.7,Normal,Probabilistic_crossover,0.5,Uniform,0.05,0.0001,100,0.05,sorted_selection_part,4,0,5,Baldwin,26,Run4,1215.7653846972692
264,1000000,0.06,100,0.7,Normal,Probabilistic_crossover,0.5,Uniform,0.05,0.0001,100,0.05,sorted_selection_part,4,0,5,Baldwin,26,Run5,1114.2925386996742
265,1000000,0.06,100,0.7,Normal,Probabilistic_crossover,0.5,Uniform,0.05,0.0001,100,0.05,sorted_selection_part,4,0,5,Baldwin,26,Run6,1804.5346154868068
266,1000000,0.06,100,0.7,Normal,Probabilistic_crossover,0.5,Uniform,0.05,0.0001,100,0.05,sorted_selection_part,4,0,5,Baldwin,26,Run7,1102.9942915643082
267,1000000,0.06,100,0.7,Normal,Probabilistic_crossover,0.5,Uniform,0.05,0.0001,100,0.05,sorted_selection_part,4,0,5,Baldwin,26,Run8,2191.043323019859
268,1000000,0.06,100,0.7,Normal,Probabilistic_crossover,0.5,Uniform,0.05,0.0001,100,0.05,sorted_selection_part,4,0,5,Baldwin,26,Run9,844.0412564727864
269,1000000,0.06,100,0.7,Normal,Probabilistic_crossover,0.5,Uniform,0.05,0.0001,100,0.05,sorted_selection_part,4,0,5,Baldwin,26,Run10,936.0969649114382
270,1000000,0.06,100,0.7,Normal,Probabilistic_crossover,0.5,Uniform,0.05,0.0001,100,0.05,sorted_selection_part,4,0,21,Baseline,27,Run1,-10.1531995524645
271,1000000,0.06,100,0.7,Normal,Probabilistic_crossover,0.5,Uniform,0.05,0.0001,100,0.05,sorted_selection_part,4,0,21,Baseline,27,Run2,-10.153199487559093
272,1000000,0.06,100,0.7,Normal,Probabilistic_crossover,0.5,Uniform,0.05,0.0001,100,0.05,sorted_selection_part,4,0,21,Baseline,27,Run3,-10.153199644144504
273,1000000,0.06,100,0.7,Normal,Probabilistic_crossover,0.5,Uniform,0.05,0.0001,100,0.05,sorted_selection_part,4,0,21,Baseline,27,Run4,-5.100772131022278
274,1000000,0.06,100,0.7,Normal,Probabilistic_crossover,0.5,Uniform,0.05,0.0001,100,0.05,sorted_selection_part,4,0,21,Baseline,27,Run5,-5.100772137655798
275,1000000,0.06,100,0.7,Normal,Probabilistic_crossover,0.5,Uniform,0.05,0.0001,100,0.05,sorted_selection_part,4,0,21,Baseline,27,Run6,-5.055197696212425
276,1000000,0.06,100,0.7,Normal,Probabilistic_crossover,0.5,Uniform,0.05,0.0001,100,0.05,sorted_selection_part,4,0,21,Baseline,27,Run7,-5.100772131214941
277,1000000,0.06,100,0.7,Normal,Probabilistic_crossover,0.5,Uniform,0.05,0.0001,100,0.05,sorted_selection_part,4,0,21,Baseline,27,Run8,-5.10077209323337
278,1000000,0.06,100,0.7,Normal,Probabilistic_crossover,0.5,Uniform,0.05,0.0001,100,0.05,sorted_selection_part,4,0,21,Baseline,27,Run9,-2.630471665381256
279,1000000,0.06,100,0.7,Normal,Probabilistic_crossover,0.5,Uniform,0.05,0.0001,100,0.05,sorted_selection_part,4,0,21,Baseline,27,Run10,-5.055197638335344
280,1000000,0.06,100,0.7,Normal,Probabilistic_crossover,0.5,Uniform,0.05,0.0001,100,0.05,sorted_selection_part,4,0,21,Lamarck,28,Run1,-5.100772066049703
281,1000000,0.06,100,0.7,Normal,Probabilistic_crossover,0.5,Uniform,0.05,0.0001,100,0.05,sorted_selection_part,4,0,21,Lamarck,28,Run2,-10.15319954006786
282,1000000,0.06,100,0.7,Normal,Probabilistic_crossover,0.5,Uniform,0.05,0.0001,100,0.05,sorted_selection_part,4,0,21,Lamarck,28,Run3,-5.100772123440792
283,1000000,0.06,100,0.7,Normal,Probabilistic_crossover,0.5,Uniform,0.05,0.0001,100,0.05,sorted_selection_part,4,0,21,Lamarck,28,Run4,-2.682860361853206
284,1000000,0.06,100,0.7,Normal,Probabilistic_crossover,0.5,Uniform,0.05,0.0001,100,0.05,sorted_selection_part,4,0,21,Lamarck,28,Run5,-2.6304716665056063
285,1000000,0.06,100,0.7,Normal,Probabilistic_crossover,0.5,Uniform,0.05,0.0001,100,0.05,sorted_selection_part,4,0,21,Lamarck,28,Run6,-5.055197670911325
286,1000000,0.06,100,0.7,Normal,Probabilistic_crossover,0.5,Uniform,0.05,0.0001,100,0.05,sorted_selection_part,4,0,21,Lamarck,28,Run7,-10.153199627476202
287,1000000,0.06,100,0.7,Normal,Probabilistic_crossover,0.5,Uniform,0.05,0.0001,100,0.05,sorted_selection_part,4,0,21,Lamarck,28,Run8,-5.055197506738799
288,1000000,0.06,100,0.7,Normal,Probabilistic_crossover,0.5,Uniform,0.05,0.0001,100,0.05,sorted_selection_part,4,0,21,Lamarck,28,Run9,-2.630471612260968
289,1000000,0.06,100,0.7,Normal,Probabilistic_crossover,0.5,Uniform,0.05,0.0001,100,0.05,sorted_selection_part,4,0,21,Lamarck,28,Run10,-5.100772062322596
290,1000000,0.06,100,0.7,Normal,Probabilistic_crossover,0.5,Uniform,0.05,0.0001,100,0.05,sorted_selection_part,4,0,21,Baldwin,29,Run1,-2.6828603732612177
291,1000000,0.06,100,0.7,Normal,Probabilistic_crossover,0.5,Uniform,0.05,0.0001,100,0.05,sorted_selection_part,4,0,21,Baldwin,29,Run2,-10.153196433750304
292,1000000,0.06,100,0.7,Normal,Probabilistic_crossover,0.5,Uniform,0.05,0.0001,100,0.05,sorted_selection_part,4,0,21,Baldwin,29,Run3,-5.100772084710761
293,1000000,0.06,100,0.7,Normal,Probabilistic_crossover,0.5,Uniform,0.05,0.0001,100,0.05,sorted_selection_part,4,0,21,Baldwin,29,Run4,-10.153194459308878
294,1000000,0.06,100,0.7,Normal,Probabilistic_crossover,0.5,Uniform,0.05,0.0001,100,0.05,sorted_selection_part,4,0,21,Baldwin,29,Run5,-2.6828603776378257
295,1000000,0.06,100,0.7,Normal,Probabilistic_crossover,0.5,Uniform,0.05,0.0001,100,0.05,sorted_selection_part,4,0,21,Baldwin,29,Run6,-2.630471402512111
296,1000000,0.06,100,0.7,Normal,Probabilistic_crossover,0.5,Uniform,0.05,0.0001,100,0.05,sorted_selection_part,4,0,21,Baldwin,29,Run7,-8.397455174656175
297,1000000,0.06,100,0.7,Normal,Probabilistic_crossover,0.5,Uniform,0.05,0.0001,100,0.05,sorted_selection_part,4,0,21,Baldwin,29,Run8,-2.6828602517554963
298,1000000,0.06,100,0.7,Normal,Probabilistic_crossover,0.5,Uniform,0.05,0.0001,100,0.05,sorted_selection_part,4,0,21,Baldwin,29,Run9,-5.10077165237335
299,1000000,0.06,100,0.7,Normal,Probabilistic_crossover,0.5,Uniform,0.05,0.0001,100,0.05,sorted_selection_part,4,0,21,Baldwin,29,Run10,-2.630471654416232
